id;otp;email;phone;ip;coookie;created_by;created_at
1;54742;Andreanne.Kilback70@hotmail.com;90378;navigating;Soft Pants Chief;invoice District;2021-07-28
2;30390;Desmond73@yahoo.com;49354;interfaces withdrawal bluetooth;withdrawal hacking;Assurance;2021-07-29
3;41238;Destinee_Lockman@gmail.com;57951;parse schemas driver;Granite;primary virtual harness;2021-07-29
4;49173;Leonor92@gmail.com;15067;New sensor Tools;grid-enabled;Books state Mount;2021-07-29
5;1643;Jaunita34@yahoo.com;76336;holistic Sausages SMTP;multimedia Legacy;Chair;2021-07-29
6;37801;Jessyca.Lubowitz@gmail.com;53496;indexing;parse bleeding-edge;invoice transmitting De-engineered;2021-07-28
7;53489;Jayda.Adams32@gmail.com;50345;grey index;Legacy Territory;pink hack Avon;2021-07-28
8;97735;Roxanne2@hotmail.com;31170;Maryland;indexing Cambridgeshire Soft;Markets Avon;2021-07-28
9;76971;Murray.Schumm@yahoo.com;8275;See Metal intangible;multi-byte;Account Carolina real-time;2021-07-29
10;53631;Everett68@hotmail.com;44618;transmitting;calculate 1080p;Avon relationships Nigeria;2021-07-29
